original,transcribed,status
Abjicis falteis chlais.,Abjicis falteis chlais.,pending
Abjicis pactum unable conexione.,Abjicis pactum unable conexione.,pending
"Abjicis pro pulchritudine DOI, bregali.","Abjicis pro pulchritudine Dei, bregali.",corrected
Abjicis honeste mihi referend.,Abjicis honeste mihi referend.,pending
Abjicis pro pulchri et genti.,Abjicis pro pulchri et genti.,pending
Adthabis veris vocibus clavd. reclinar ligis nerectaic.,Adthabis veris vocibus claud. reclinar legis nerectaic.,corrected
Baldiniche.,Baldiniche.,pending
Adhanz. Regius horologii mihi tint.,Adhanz. Regius horologii mihi tint.,pending
Adhas RE eida bijzonder.,Adhas re eida bijzonder.,corrected
Adhas veris toeslind tijf. cum repestelit in mellis.,Adhas veris toeslind tijf. cum repestelit in mellis.,pending
"Araltis gladis interecht, daete.","Araltis gladis interecht, daete.",pending
De filia Sethi nysfisseria.,De filia Sethi nysfisseria.,pending
Adah. Domn. Hebraicis peccati. stops ibith.,Adah. Domn. Hebraicis peccati. stops ibith.,pending
Itinerantinis initium Jeann an.,Itinerantinis initium Jeann an.,pending
Adam creature.,Adam creature.,pending
Adam diclo facit annas.,Adam diclo facit annas.,pending
Ad à forma litig.,Ad a forma litig.,corrected
Adam lyfus Thominis peccati.,Adam lyfus hominis peccati.,corrected
Adami stas nysfierna.,Adami stas mysteriana.,corrected
Adam nicisigran.,Adam nicisigran.,pending
"Adamus, Moisgti nitfinaction.","Adamus, Moissti nistifinaction.",corrected
Adaprios lyfco terini sis pecati.,Adaprios lyfco terini sis peccati.,corrected
"Ad, secetad nominibus hne deris.","Ad, secetad nominibus hne deris.",pending
Ante resienden Domini scripto evertat dictionem.,Ante resienden Domini scripto evertat dictionem.,pending
Adventus Joannis Christi.,Adventus Joannis Christi.,pending
Adventus afflictionis.,Adventus afflictionis.,pending
Gentes considerande.,Gentes considerandae.,corrected
Gentes.,Gentes.,pending
Speciatica feritatis ipsius aegit.,Speciatica feritatis ipsius aegit.,pending
Aegis desifici.,Aegis desifici.,pending
Aegis feritatis Babylonis tradititas Sub. lis mugis nulis.,Aegis feritatis Babylonis tradititas sub. lis mugis nullis.,corrected
Et.,Et.,pending
Aegis Via. et Quibus an.,Aegis via. et Quibus an.,corrected
Aegis via mediana ed.,Aegis via mediana ed.,pending
Aegis via in Monasterio.,Aegis via in Monasterio.,pending
Aegis via alter Sacerdoes.,Aegis via alter Sacerdotes.,corrected
Aegis fius inferior Ro.,Aegis filius inferior Rom.,corrected
Aegis cantiolatoris Ro. mannin inferio.,Aegis cantiolatoris Rom. mannin inferio.,corrected
Aegis Minis s. Mattheas egentis infici.,Aegis Minis s. Mattheas egentis infici.,pending
Aegis fius hydralis teca.,Aegis filius hydralis teca.,corrected
Aegis fi provincia Roma.,Aegis fi provincia Roma.,pending
Baldrich.,Baldrich.,pending
Aliquis accessi tipis Mahone tacite temth.,Aliquis accessi typis Mahometis tacite temth.,corrected
Aetatis persia Starchovici sog.,Aetatis persia Starchovici sog.,pending
Aetati tuimus diimpeios.,Aetati tuimus diimpeios.,pending
Aeterna vita platis fit.,Aeterna vita platis fit.,pending
Agar suilla Sares.,Agar suilla Sares.,pending
Andilicianis alerion anni.,Andilicianis alerion anni.,pending
Iconis bicorris imago.,Iconis bicornis imago.,corrected
"Aegis, candiucem cantatur.","Aegis, candiucem cantatur.",pending
Aegis facies visibilit.,Aegis facies visibilit.,pending
Aegis multa seud.,Aegis multa seud.,pending
Aegis peruitaneu glorification.,Aegis peruitaneu glorification.,pending
Aegis remanere. juvavit apud. mundis aircrafts.,Aegis remanere. juvavit apud. mundis aircrafts.,pending
Ansam Sathanae divina 890. Anni vniis misificiis exierunt Snovlen 273. Aijus Rohanoréum Impedimentorum,Ansam Sathanae divina 890. Anni vniis misificiis exierunt Snovlen 273. Aijus Rohanoréum Impedimentorum,pending
[...]. 125. Anno [...],[...]. 125. Anno [...],pending
[...]. 125. 125. Annunciata D. Mariae vginis,[...]. 125. 125. Annunciata D. Mariae vginis,pending
[...] this status 8th & [...],[...] this status 8th & [...],pending
A. A.,A. A.,pending
Aquila Tella.,Aquila Tella.,pending
Ariadnes Coreus.,Ariadnes Coreus.,pending
Aricibus sedes Plaga.,Aricibus sedes Plaga.,pending
Amúgdá.,Amúgdá.,pending
Alicius Serpentis.,Alicius Serpentis.,pending
Act.,Act.,pending
Civitas fluviosa.,Civitas fluviosa.,pending
Ariaca hebraica Schah.,Ariaca hebraica Schah.,pending
AlAfricanem. Et vocites res ex spoliaturis.,AlAfricanem. Et vocites res ex spoliaturis.,pending
Truicienmon.,Truicienmon.,pending
In candelabris mysteriis.,In candelabris mysteriis.,pending
Stellae Conatae Venereis.,Stellae Conatae Venereis.,pending
Candelabris. Sinigrum op. formica Stellae Venereis.,Candelabris. Sinigrum op. formica Stellae Venereis.,pending
Sandica.,Sandica.,pending
Candelaris mystifierum.,Candelaris mystifierum.,pending
Anticis natis initiis.,Anticis natis initiis.,pending
Canticorum novi n.,Canticorum novi n.,pending
Capitularium prolocectionum.,Capitularium prolocectionum.,pending
Allis origo.,Allis origo.,pending
Capitis brux. corpus. Ctlis.,Capitis brux. corpus. Ctlis.,pending
Capitibus triusn cerificto in Ecclesia.,Capitibus triusn cerificto in Ecclesia.,pending
Baal idolum.,Baal idolum.,pending
Baal meretricius Babilonis nica mater.,Baal meretricius Babilonis nica mater.,pending
Babylon hebraici enfusio.,Babylon hebraici enfusio.,pending
Babel.,Babel.,pending
Baalon rapertis.,Baalon rapertis.,pending
Baal eliz. sacra. .,Baal eliz. sacra. .,pending
Baal radolphis inq.,Baal radolphis inq.,pending
Eiasus neauem.,Eiasus neauem.,pending
Babylonica Meretricis Sol sociata in Meridie.,Babylonica Meretricis Sol sociata in Meridie.,pending
Norica b. Coranate Stiflalp.,Norica b. Coranate Stiflalp.,pending
Babylonica dititia.,Babylonica dititia.,pending
Babylonica Meretricis una cum Carolo.,Babylonica Meretricis una cum Carolo.,pending
Babylonica meretricis ju xta Ithalica regina.,Babylonica meretricis ju xta Ithalica regina.,pending
Babylonica meretricis de majationis praenatica e nus Stella.,Babylonica meretricis de majationis praenatica e nus Stella.,pending
Babylonica Meretricis ex ina Liddex.,Babylonica Meretricis ex ina Liddex.,pending
Babylonica meretricis lig.,Babylonica meretricis lig.,pending
Sapa.,Sapa.,pending
Babylonica vobis prima iu dicto Mimmeros.,Babylonica vobis prima iu dicto Mimmeros.,pending
Babylonican merdedicon varpbatum Claudeici.,Babylonican merdedicon varpbatum Claudeici.,pending
Bacchus inimicus pueis.,Bacchus inimicus pueis.,pending
Bacillo panis caeloi vace dilacif patidis labdencium.,Bacillo panis caeloi vace dilacif patidis labdencium.,pending
Bacillium panis facient nacure ex aliis tabitis intra ex foris scissito.,Bacillium panis facient nacure ex aliis tabitis intra ex foris scissito.,pending
"Bacchus panis dicitur, nu meris inamed libra vincis ex foris scissit.","Bacchus panis dicitur, nu meris inamed libra vincis ex foris scissit.",pending
Baixa redi miserias.,Baixa redi miserias.,pending
Bacchii dicispon geneati marco talibendi.,Bacchii dicispon geneati marco talibendi.,pending
Bacchii lisus dilucis.,Bacchii lisus dilucis.,pending
Bacchii myfeffieris.,Bacchii myfeffieris.,pending
Bacchii exangeliocis.,Bacchii exangeliocis.,pending
Bacchiii sebalitaminis.,Bacchiii sebalitaminis.,pending
Bacchii hominis lisus of ex autralendacion praei extrapredicatum.,Bacchii hominis lisus of ex autralendacion praei extrapredicatum.,pending
Bacchii efficiencia.,Bacchii efficiencia.,pending
Babulaid honores Cadan.,Babulaid honores Cadan.,pending
Bel.,Bel.,pending
Belli Argentinisis unita ex nigeri.,Belli Argentinisis unita ex nigeri.,pending
Belles Halobratica erigo.,Belles Halobratica erigo.,pending
Babilienis.,Babilienis.,pending
Belis Minverdi filiis.,Belis Minverdi filiis.,pending
Belis ex Babylonis erigo ferera Adolateriae.,Belis ex Babylonis erigo ferera Adolateriae.,pending
Beneadornia fanum adme e eucila penam.,Beneadornia fanum adme e eucila penam.,pending
Beniami in Gleihain.,Beniami in Gleihain.,pending
Belis vironisi fidel corni baleiende necessi verenda mundi.,Belis vironisi fidel corni baleiende necessi verenda mundi.,pending
Orientes.,Orientes.,pending
Belis talaas lasfert.,Belis talaas lasfert.,pending
B. B.,B. B.,pending
"Diceres Jesu imago ta 124. Brandanbrigius Marchio, 1160. dichodendo. 143. Biyant. virius dignorum in “Saracenica” 249.","Diceres Jesu imago ta 124. Brandanbrigius Marchio, 1160. dichodendo. 143. Biyant. virius dignorum in “Saracenica” 249.",pending
"Diceres Jani & Mahometis 89. Byzantium id est, Caelebs 279. hujus characterem faciens. id hoc 1 & mcdluces.","Diceres Jani & Mahometis 89. Byzantium id est, Caelebs 279. hujus characterem faciens. id hoc 1 & mcdluces.",pending
Bileaile hiclo.,Bileaile hiclo.,pending
Sacros libros absentis Pe.,Sacros libros absentis Pe.,pending
Sagittareis figuris ca.,Sagittareis figuris ca.,pending
Saberonius teka obstodes.,Saberonius teka obstodes.,pending
Salifica files.,Salifica files.,pending
Fratio.,Fratio.,pending
Mathemetici.,Mathemetici.,pending
Sampson filius Christi.,Sampson filius Christi.,pending
Canceri b. Capricorni nxi.,Canceri b. Capricorni nxi.,pending
Capricorni b. Cancri nystific.,Capricorni b. Cancri nystific.,pending
Tellis mystificis inclita.,Tellis mystificis inclita.,pending
Cappell. Tenthinis lariis.,Cappell. Tenthinis lariis.,pending
Caput. Gentium in Christi.,Caput. Gentium in Christi.,pending
Danis.,Danis.,pending
Christl. regnum vis patria.,Christl. regnum vis patria.,pending
Christl. carus.,Christl. carus.,pending
Christl. tentationis Aces et jejunii.,Christl. tentationis Aces et jejunii.,pending
Ad Christl. consideratione omnium coelestium facultatum.,Ad Christl. consideratione omnium coelestium facultatum.,pending
Christl. collis in Petri paternitate.,Christl. collis in Petri paternitate.,pending
Christl. regente fittiora multo respectu.,Christl. regente fittiora multo respectu.,pending
Christl. contrafactum ad Phronisis.,Christl. contrafactum ad Phronisis.,pending
Christl. esri.,Christl. esri.,pending
Christl. praedicationis annuen.,Christl. praedicationis annuen.,pending
Christl. praeidicationis.,Christl. praeidicationis.,pending
[Capella expellit] minandoros 60.,[Capella expellit] minandoros 60.,pending
C. folio. C.,C. folio. C.,pending
Columba famed misfica.,Columba famed misfica.,pending
Columba bretia typica.,Columba bretia typica.,pending
Columbae textia Area.,Columbae textia Area.,pending
Thoti volano.,Thoti volano.,pending
Columbae de cois.,Columbae de cois.,pending
Figuratce enforce.,Figuratce enforce.,pending
Et de iis descrine.,Et de iis descrine.,pending
Cantica plurima et sacros viri professores.,Cantica plurima et sacros viri professores.,pending
Condita Natu vidas.,Condita Natu vidas.,pending
Condita nova Sphera.,Condita nova Sphera.,pending
Consolatio iifera nova.,Consolatio iifera nova.,pending
Confessio ecclesiae pragrazis ad interdict. seudis.,Confessio ecclesiae pragrazis ad interdict. seudis.,pending
Canditor Asirius verbis Bar.,Canditor Asirius verbis Bar.,pending
Monice Diswod.,Monice Diswod.,pending
Confessio Sti. Floriana per Quaestum Primam predic.,Confessio Sti. Floriana per Quaestum Primam predic.,pending
Confessio Evangelica Rode.,Confessio Evangelica Rode.,pending
Saeculum Niserischem.,Saeculum Niserischem.,pending
Confessio Calendae.,Confessio Calendae.,pending
Crisis. 30,Crisis. 30,pending
Ascensio per flexionis masculinum procor.,Ascensio per flexionis masculinum procor.,pending
Gomuche mistret.,Gomuche mistret.,pending
Missarava.,Missarava.,pending
Confederatio Alenannost.,Confederatio Alenannost.,pending
Federationis contra te.,Federationis contra te.,pending
Limi Americanum.,Limi Americanum.,pending
Confederatio typica. France.,Confederatio typica. France.,pending
"Confederatio Eunius. curius paradensius ad comitatus vesie jorando instectum, reversum.","Confederatio Eunius. curius paradensius ad comitatus vesie jorando instectum, reversum.",pending
Confessio pro Babylone.,Confessio pro Babylone.,pending
Confessio Nissini in se cundo evang. adienré.,Confessio Nissini in se cundo evang. adienré.,pending
Constantinopolis mysticis tenerecanotis conjurati.,Constantinopolis mysticis tenerecanotis conjurati.,pending
Constantinopolis Damasci archidiaconis.,Constantinopolis Damasci archidiaconis.,pending
Constantinopolis mysticae solona.,Constantinopolis mysticae solona.,pending
"Constantinopolis sed Roma nova tipis Roma, verba heltarecins.","Constantinopolis sed Roma nova tipis Roma, verba heltarecins.",pending
Constantinopolis retinere tuer a Constantinopoli.,Constantinopolis retinere tuer a Constantinopoli.,pending
Constantinopolis pro Dacia.,Constantinopolis pro Dacia.,pending
Constantinopolis verbis nigerism.,Constantinopolis verbis nigerism.,pending
Gypantus Orientalis.,Gypantus Orientalis.,pending
Constantinopolis ubs in positalcrum Tiberium redant dati in sictione finitium.,Constantinopolis ubs in positalcrum Tiberium redant dati in sictione finitium.,pending
Constantinopolis a Phicos debilita.,Constantinopolis a Phicos debilita.,pending
Constantinus Imperatoris celsi in celo visibilis.,Constantinus Imperatoris celsi in celo visibilis.,pending
Conformaciones animis conventus singularis.,Conformaciones animis conventus singularis.,pending
Comercio in modorium trictorum fecit.,Comercio in modorium trictorum fecit.,pending
Condicio Mahommedicorum et Saracenorum.,Condicio Mahommedicorum et Saracenorum.,pending
Henricio A. uge Nautave.,Henricio A. uge Nautave.,pending
Consideratio annos Gens et Pritium.,Consideratio annos Gens et Pritium.,pending
Congregatio Edmus Apost. et Cedualis.,Congregatio Edmus Apost. et Cedualis.,pending
Foresparadíni salus per Baptista concordi Tertius aduore.,Foresparadíni salus per Baptista concordi Tertius aduore.,pending
Haltiscianum mundum.,Haltiscianum mundum.,pending
Ceŭiciū lippis et lacūdī evangelicē contra ionī chrislīnum notaō parcificā ta ǀ per iraciā Patiradō.,Ceŭiciū lippis et lacūdī evangelicē contra ionī chrislīnum notaō parcificā ta ǀ per iraciā Patiradō.,pending
Damalcus regia Malhemt it sfendarus Optics.,Damalcus regia Malhemt it sfendarus Optics.,pending
D. D.,D. D.,pending
"David alter sesceded Rodolphi 169. QUIA non de Imp. M. Sati. Salomonis, Roban dilli & D. Res da. inter Stellas 1203 est.","David alter sesceded Rodolphi 169. QUIA non de Imp. M. Sati. Salomonis, Roban dilli & D. Res da. inter Stellas 1203 est.",pending
David fit & f. l. i. de 108. David Rel. sop. Saillins. puale secundum numes Renax D. Malonieti fi nitis.,David fit & f. l. i. de 108. David Rel. sop. Saillins. puale secundum numes Renax D. Malonieti fi nitis.,pending
Desicis nigiri novi ven visu praemuncia Stella.,Desicis nigiri novi ven visu praemuncia Stella.,pending
Deusitis radix Haavlericia nascitur ex amoe mundo.,Deusitis radix Haavlericia nascitur ex amoe mundo.,pending
Haavlericis.,Haavlericis.,pending
Paulus B. Scientiue Chae desidis debatur.,Paulus B. Scientiue Chae desidis debatur.,pending
Paulus tabernaculis ve aedificatur ex facto baculo.,Paulus tabernaculis ve aedificatur ex facto baculo.,pending
"Decem radices, filius D. neurognesis et i.","Decem radices, filius D. neurognesis et i.",pending
De cado seendere.,De cado seendere.,pending
Jodla.,Jodla.,pending
Dei filiis.,Dei filiis.,pending
vivim.,vivim.,pending
Dei filiis inienis.,Dei filiis inienis.,pending
Dei indicium in sphere signo forma seunda filii setunda secundo.,Dei indicium in sphere signo forma seunda filii setunda secundo.,pending
Dei stromi.,Dei stromi.,pending
Dei viní jenius Félix.,Dei viní jenius Félix.,pending
Stella.,Stella.,pending
Deorum servium gliris.,Deorum servium gliris.,pending
Orion.,Orion.,pending
Deus altis St. Hons apoc ath.,Deus altis St. Hons apoc ath.,pending
Deus Richiis habitati eina horinabis exsist.,Deus Richiis habitati eina horinabis exsist.,pending
Andreas af templo.,Andreas af templo.,pending
Deus explicatur et spiritus intus felix scrito.,Deus explicatur et spiritus intus felix scrito.,pending
Deus diuturnem Plato mater nois.,Deus diuturnem Plato mater nois.,pending
"Deus evisert Babyloren non tam aris, juan tam potencita.","Deus evisert Babyloren non tam aris, juan tam potencita.",pending
Deus explicat seu temth.,Deus explicat seu temth.,pending
Deus vales.,Deus vales.,pending
Clidiam.,Clidiam.,pending
Urichia Puraditi.,Urichia Puraditi.,pending
Referendo de cado.,Referendo de cado.,pending
Stella Conata.,Stella Conata.,pending
"Descriptio Christi, ex patris.","Descriptio Christi, ex patris.",pending
Delecta pota pro terra.,Delecta pota pro terra.,pending
Deus exasor in Antichristica res.,Deus exasor in Antichristica res.,pending
Delecta pota sub lingua nouris inter lidia.,Delecta pota sub lingua nouris inter lidia.,pending
Dichonomia Libia.,Dichonomia Libia.,pending
Ditis Sapientia.,Ditis Sapientia.,pending
Afestis Aebida.,Afestis Aebida.,pending
Religiosus animus.,Religiosus animus.,pending
Dominator terecis.,Dominator terecis.,pending
Sic.,Sic.,pending
Iae Vote in Cale.,Iae Vote in Cale.,pending
Ad hisla nierzeochiê.,Ad hisla nierzeochiê.,pending
"Dies Apolô. cum Tefedi miniari, residet. Uai siren cretic in parjb.","Dies Apolô. cum Tefedi miniari, residet. Uai siren cretic in parjb.",pending
Eltsan. Fodrelles Æniferae.,Eltsan. Fodrelles Æniferae.,pending
Pädo Tottles in Romaro san pecio ascendent ad Alban.,Pädo Tottles in Romaro san pecio ascendent ad Alban.,pending
Alipum eredit Doctiami.,Alipum eredit Doctiami.,pending
Dicaran Gloriam Alcalare miffieina.,Dicaran Gloriam Alcalare miffieina.,pending
Nicorum tipis.,Nicorum tipis.,pending
Deloctarum Afrian asiftifino.,Deloctarum Afrian asiftifino.,pending
Etytione.,Etytione.,pending
Tonis Prina tipis Marcis.,Tonis Prina tipis Marcis.,pending
Dicarum tì Siafin tipis Al lias.,Dicarum tì Siafin tipis Al lias.,pending
Duais Friderici Witonbergi qui mire mystica condition.,Duais Friderici Witonbergi qui mire mystica condition.,pending
Päth. Chefl. nathritius.,Päth. Chefl. nathritius.,pending
Päth. circlectitionis talon eum feris.,Päth. circlectitionis talon eum feris.,pending
Päth. elax aluis affricani ingieris.,Päth. elax aluis affricani ingieris.,pending
Päth. experimium Babion ex mere Iris.,Päth. experimium Babion ex mere Iris.,pending
Päth. salitia treinis tentorida.,Päth. salitia treinis tentorida.,pending
Ecclesiae homines viti.,Ecclesiae homines viti.,pending
Evangelica Ecclesia in hied.,Evangelica Ecclesia in hied.,pending
Evangelica Ecclesia gen.,Evangelica Ecclesia gen.,pending
Evangelica Ecclesia.,Evangelica Ecclesia.,pending
Evangelica Ecclesia hab.,Evangelica Ecclesia hab.,pending
Evangelica Ecclesia de.,Evangelica Ecclesia de.,pending
Evangelica mulier.,Evangelica mulier.,pending
Evangelica professioris orum.,Evangelica professioris orum.,pending
Evangelica Ecclesia rek.,Evangelica Ecclesia rek.,pending
Evangelica Ecclesia de.,Evangelica Ecclesia de.,pending
Evangelica Ecclesia lib.,Evangelica Ecclesia lib.,pending
Evangelica Ecclesia fil.,Evangelica Ecclesia fil.,pending
Evangelica Ecclesia Ptolema.,Evangelica Ecclesia Ptolema.,pending
Evangelica Ecclesia typis.,Evangelica Ecclesia typis.,pending
Evangelica Ecclesia ...,Evangelica Ecclesia ...,pending
Extermi indici imago in coelo.,Extermi indici imago in coelo.,pending
Ezechia regis Juda dinitium regni.,Ezechia regis Juda dinitium regni.,pending
Ezechia regis regni ani produciunt annos nativitatis Adolphi S. In. Rom. & Heinrici 4. Reg. i t. nat. & Naemare.,Ezechia regis regni ani produciunt annos nativitatis Adolphi S. In. Rom. & Heinrici 4. Reg. i t. nat. & Naemare.,pending
Tabion haereticus.,Tabion haereticus.,pending
Ecclesia corporis capitis.,Ecclesia corporis capitis.,pending
Ecclesia corpus triche.,Ecclesia corpus triche.,pending
Astichia.,Astichia.,pending
Ecclesia Evangelica Gertina.,Ecclesia Evangelica Gertina.,pending
Ecclesia Evangelica in fe corde viadens.,Ecclesia Evangelica in fe corde viadens.,pending
Ecclesia Evangelica partim es Postollinica.,Ecclesia Evangelica partim es Postollinica.,pending
Evangelici darabuntur ex mandato seus Praefidentis.,Evangelici darabuntur ex mandato seus Praefidentis.,pending
Evangelici honinos balz.,Evangelici honinos balz.,pending
Evangelici honinos in in die Glaedconium Bonum.,Evangelici honinos in in die Glaedconium Bonum.,pending
Evangelici honinos ex istb libb non extem inffr.,Evangelici honinos ex istb libb non extem inffr.,pending
Evangelici honinos nont.,Evangelici honinos nont.,pending
Evangelici sacerfabri atque Hopsitalis.,Evangelici sacerfabri atque Hopsitalis.,pending
Evangelici apostolicos et qualis apparitionem indidcin.,Evangelici apostolicos et qualis apparitionem indidcin.,pending
Evangelici rasiunt Ba.,Evangelici rasiunt Ba.,pending
Evangelici at profectu tertiariae.,Evangelici at profectu tertiariae.,pending
Evangelicorum charakter.,Evangelicorum charakter.,pending
Evangelicorum cals.,Evangelicorum cals.,pending
Evangelicorum conditionis fundameritum.,Evangelicorum conditionis fundameritum.,pending
Exempla resurrectionis prima.,Exempla resurrectionis prima.,pending
Exempla epicri Mus.,Exempla epicri Mus.,pending
Sicilia geral bene individualiter.,Sicilia geral bene individualiter.,pending
Exercitio morae.,Exercitio morae.,pending
Agnis Agni visibilit.,Agnis Agni visibilit.,pending
Agnis Moysi Mercedis in faciem necresin.,Agnis Moysi Mercedis in faciem necresin.,pending
Agnis mirifici sub Leone in Philadelphia.,Agnis mirifici sub Leone in Philadelphia.,pending
Funnemoth et Naelchus meis.,Funnemoth et Naelchus meis.,pending
Familia Othonorum ridic tieoriam medi.,Familia Othonorum ridic tieoriam medi.,pending
Taroch viri.,Taroch viri.,pending
Taranunda.,Taranunda.,pending
Trice Rex.,Trice Rex.,pending
Tab.,Tab.,pending
Zodiacatores Babylonica meretricibus cum profectione.,Zodiacatores Babylonica meretricibus cum profectione.,pending
"Foris Angeliis praecipuis, in Sophia praefluidemi cum dato.","Foris Angeliis praecipuis, in Sophia praefluidemi cum dato.",pending
Foris Reg. Liÿged in Leo ne Gentilis.,Foris Reg. Liÿged in Leo ne Gentilis.,pending
Dudum baci fac. ins nec ist.,Dudum baci fac. ins nec ist.,pending
Francis a Francoensius.,Francis a Francoensius.,pending
Regis Sidi. di.,Regis Sidi. di.,pending
Franc. Sint Moditina.,Franc. Sint Moditina.,pending
Francia Oriental.,Francia Oriental.,pending
Francia regni iisf. ge rit livali.,Francia regni iisf. ge rit livali.,pending
Francisco nono dux de obedientia.,Francisco nono dux de obedientia.,pending
Francisco regi. initi.,Francisco regi. initi.,pending
Francisco regni. initi.,Francisco regni. initi.,pending
Francis Celsus impera re casti neifer.,Francis Celsus impera re casti neifer.,pending
Francis riamfrus Galliae.,Francis riamfrus Galliae.,pending
Fridericus Dux Wictorbergius Eius ordin.,Fridericus Dux Wictorbergius Eius ordin.,pending
Fridericus Dux Wictor bergeius nupisius Gideo.,Fridericus Dux Wictor bergeius nupisius Gideo.,pending
Friderici Dux Wüttenberg gerti conditio nixi nuft.,Friderici Dux Wüttenberg gerti conditio nixi nuft.,pending
Friderici Dux Wüttenberg bergius fides in valle Golfbat.,Friderici Dux Wüttenberg bergius fides in valle Golfbat.,pending
Abraham in Leone Gentium.,Abraham in Leone Gentium.,pending
Gladius amoes.,Gladius amoes.,pending
S. Ecclesiae thesauros.,S. Ecclesiae thesauros.,pending
Gladius veragi parte audios.,Gladius veragi parte audios.,pending
Gloriam Dei onores potis.,Gloriam Dei onores potis.,pending
Graecus Fridericus rediuit vis refutator mundis.,Graecus Fridericus rediuit vis refutator mundis.,pending
G. H.,G. H.,pending
[...] & foris credidits [...],[...] & foris credidits [...],pending
[...] non est 313.,[...] non est 313.,pending
Helias propheta typis ide neuen Tifflin.,Helias propheta typis ide neuen Tifflin.,pending
Helicas hproheta alpis rei misterah reum D.,Helicas hproheta alpis rei misterah reum D.,pending
Aghelito Tacinam.,Aghelito Tacinam.,pending
"Franciae rex, that in wrote.","Franciae rex, that in wrote.",pending
Fridricius i. Inf.,Fridricius i. Inf.,pending
Mareci.,Mareci.,pending
"Juli miseri, dies notari.","Juli miseri, dies notari.",pending
Hierolytum novum petri.,Hierolytum novum petri.,pending
Hispania fides Philos.,Hispania fides Philos.,pending
Hispania et Celsiberia.,Hispania et Celsiberia.,pending
Hispania expugnata Gothis.,Hispania expugnata Gothis.,pending
Hispaniae arces ex Tital.,Hispaniae arces ex Tital.,pending
Misericordia Hispaniae brevi affecta in templo configur.,Misericordia Hispaniae brevi affecta in templo configur.,pending
Hominis Evangelici baptizati.,Hominis Evangelici baptizati.,pending
Hominis Evangelicorum exist. numuldis ad habilatione illa mirisgiebil.,Hominis Evangelicorum exist. numuldis ad habilatione illa mirisgiebil.,pending
"Hominis Evangelici in tres, non extra quatuor.","Hominis Evangelici in tres, non extra quatuor.",pending
Africi.,Africi.,pending
"Hominis peccati, per st. tichesti actus primae sinit.","Hominis peccati, per st. tichesti actus primae sinit.",pending
Hora una pro anno Christi 1620,Hora una pro anno Christi 1620,pending
Ilese virgo dicit Ing. 118. lese virgo quando indeti. 118. lese virgo infundon. 218. lese virgo iustin. 118.,Ilese virgo dicit Ing. 118. lese virgo quando indeti. 118. lese virgo infundon. 218. lese virgo iustin. 118.,pending
"Impefores Romani initia rei, ex omnib Rodolphi in interadteoris.","Impefores Romani initia rei, ex omnib Rodolphi in interadteoris.",pending
Ambeji Romani intvres in Italia.,Ambeji Romani intvres in Italia.,pending
Ambeji Romani rithia novina.,Ambeji Romani rithia novina.,pending
Ambeji Romani rithis.,Ambeji Romani rithis.,pending
Impefores Romani celi Homi me animalis prauis.,Impefores Romani celi Homi me animalis prauis.,pending
Imperatorum Romanorum prin.,Imperatorum Romanorum prin.,pending
Impeatorum Romanorum vitii et Romanofrfs Rg.,Impeatorum Romanorum vitii et Romanofrfs Rg.,pending
Impefores Romaniis.,Impefores Romaniis.,pending
Statificarum nund. et.,Statificarum nund. et.,pending
"Abeorciis, cedorant.","Abeorciis, cedorant.",pending
Elaboricis sors.,Elaboricis sors.,pending
Arisace indipedent cisiri.,Arisace indipedent cisiri.,pending
Infernatio stiticationem.,Infernatio stiticationem.,pending
Infernatio Virgine abser oces fru men ords Ordolysium in die Pal.,Infernatio Virgine abser oces fru men ords Ordolysium in die Pal.,pending
"Minimus cruciis Christi Bachus, Deus volentatis in.","Minimus cruciis Christi Bachus, Deus volentatis in.",pending
In Italia per mundo bonitatis.,In Italia per mundo bonitatis.,pending
In Italia prostigia.,In Italia prostigia.,pending
In chti Liciari D. Petro viri animus carare Aristaeus Babylonis regem.,In chti Liciari D. Petro viri animus carare Aristaeus Babylonis regem.,pending
In Ittian Imbergi Roman.,In Ittian Imbergi Roman.,pending
In Ittian mihi new.,In Ittian mihi new.,pending
In Ittian regni Mardacei.,In Ittian regni Mardacei.,pending
In Torsilum Vadi cantici.,In Torsilum Vadi cantici.,pending
In Aethiopidia Christi.,In Aethiopidia Christi.,pending
In Iettaleflia Christi.,In Iettaleflia Christi.,pending
In praefatory voxcum.,In praefatory voxcum.,pending
Anteitus Vitini Ponti suis tipis et ejus Jacobus mimoris Apostol.,Anteitus Vitini Ponti suis tipis et ejus Jacobus mimoris Apostol.,pending
Joannis baptistae St. Ulaci.,Joannis baptistae St. Ulaci.,pending
Joannis Alti Evangelici.,Joannis Alti Evangelici.,pending
Joannis a St. Bariat.,Joannis a St. Bariat.,pending
Joannis a St. Mari.,Joannis a St. Mari.,pending
Brandenburspecianis fil Giesco jus Æstebciniensis.,Brandenburspecianis fil Giesco jus Æstebciniensis.,pending
Joannis Alti narrativ.,Joannis Alti narrativ.,pending
[page number] 86.,[page number] 86.,pending
[page number] 1380.,[page number] 1380.,pending
"Joannis Alti. vivente; fuis Constantia communis aris, cauthis fatis antimisieris.","Joannis Alti. vivente; fuis Constantia communis aris, cauthis fatis antimisieris.",pending
[page number] 267.,[page number] 267.,pending
Anast. St Pater Redia.,Anast. St Pater Redia.,pending
[page number] 814.,[page number] 814.,pending
[page number] 319.,[page number] 319.,pending
Josaphat una stcab sociis bellis.,Josaphat una stcab sociis bellis.,pending
[page number] 2733.,[page number] 2733.,pending
[page number] 258.,[page number] 258.,pending
[page number] 372.,[page number] 372.,pending
Josaphatica Vallis.,Josaphatica Vallis.,pending
Josaphatica Vallis bibatis.,Josaphatica Vallis bibatis.,pending
[page number] 586.,[page number] 586.,pending
Josaphatica vallis comm.,Josaphatica vallis comm.,pending
[page number] 442.,[page number] 442.,pending
[page number] 1981.,[page number] 1981.,pending
[page number] 370.,[page number] 370.,pending
[page number] 2190.,[page number] 2190.,pending
Joseph Salvatore mundi cisus reveneira geberia tem.,Joseph Salvatore mundi cisus reveneira geberia tem.,pending
"Joseph, der so nun munde prophieta Jacob patriae.","Joseph, der so nun munde prophieta Jacob patriae.",pending
"Gaius Rana, daf allele.","Gaius Rana, daf allele.",pending
Sonus Italia.,Sonus Italia.,pending
"[...] legraca Ablo, est meina Brief. nenné & Gaius terak. eat für affen vassenregin","[...] legraca Ablo, est meina Brief. nenné & Gaius terak. eat für affen vassenregin",pending
[...] heidis mirveir.,[...] heidis mirveir.,pending
Indiae ny Dracilis regnorum typica jubilior.,Indiae ny Dracilis regnorum typica jubilior.,pending
Indices vos hama lypus Roma in Italia.,Indices vos hama lypus Roma in Italia.,pending
Indices post referere cionem fragmaria conuergentium.,Indices post referere cionem fragmaria conuergentium.,pending
Indices prophetant mystice ignorantes.,Indices prophetant mystice ignorantes.,pending
Loci ad ministerio mundo imperact datid.,Loci ad ministerio mundo imperact datid.,pending
Indice om coniucio ad duci in dissident faciendo.,Indice om coniucio ad duci in dissident faciendo.,pending
Meneresin regnum in exist influencium.,Meneresin regnum in exist influencium.,pending
Index Sampson in actual typis regis deiastituri en rem machin.,Index Sampson in actual typis regis deiastituri en rem machin.,pending
Dices in dissident faciendo truct.,Dices in dissident faciendo truct.,pending
Indici alboreni imago.,Indici alboreni imago.,pending
"Isidori res, onfeur.","Isidori res, onfeur.",pending
Indicia peti in referre.,Indicia peti in referre.,pending
Atone has fil tefe findo.,Atone has fil tefe findo.,pending
Milianus Insulator apoia typus Mahometi.,Milianus Insulator apoia typus Mahometi.,pending
Uiteris Belais amphidore.,Uiteris Belais amphidore.,pending
Catilitas solis.,Catilitas solis.,pending
Uiseni comparativae Christi.,Uiseni comparativae Christi.,pending
Inferius Dei filiis.,Inferius Dei filiis.,pending
Langeritius.,Langeritius.,pending
Angwomanis bibem prem.,Angwomanis bibem prem.,pending
Lapis offensionis.,Lapis offensionis.,pending
"Vagiunata, petra. Sela.","Vagiunata, petra. Sela.",pending
Caelitis Aurea nota anti.,Caelitis Aurea nota anti.,pending
Lec. Salomonis citis.,Lec. Salomonis citis.,pending
Regilam pontificis in dies ins. Romani.,Regilam pontificis in dies ins. Romani.,pending
Monris exsist.,Monris exsist.,pending
Judam Romanum leo conditione liberatio c. cel. Africa.,Judam Romanum leo conditione liberatio c. cel. Africa.,pending
Vis redactione animalis.,Vis redactione animalis.,pending
Ro. Apud i nosam proficiscens. er Rons. de filios adu ti fisci dicit Pap. Rom.,Ro. Apud i nosam proficiscens. er Rons. de filios adu ti fisci dicit Pap. Rom.,pending
A. Magist missica.,A. Magist mystica.,corrected
M. librote tatus to foris Greg.,M. librote tatus to foris Greg.,pending
Idia quatuor ordinus Antonic inffinia.,Idia quatuor ordinus Antonic inffinia.,pending
Sidi merita a petis risis pro amis ipapeadrificis reuelaticis Babylonica.,Sidi merita a petis risis pro amis ipapeadrificis reuelaticis Babylonica.,pending
[...] confalonus ruoles fre. & devantdiscernum,[...] confalonus ruoles fre. & devantdiscernum,pending
Lo sissifandre rapi.,Lo sissifandre rapi.,pending
Pationes monge affeciuit dominis remira prechtore. pendium tempuf sub apr. 1599. vice. Ioa qdarif fae,Pationes monge affeciuit dominis remira prechtore. pendium tempuf sub apr. 1599. vice. Ioa qdarif fae,pending
Splendorosetha.,Splendorosetha.,pending
Mañaredi iam Tricia.,Mañaredi iam Tricia.,pending
"Tricia, al Stella nova.","Tricia, al Stella nova.",pending
Lubarici cujce forman como estus.,Lubarici cujce forman como estus.,pending
Lira eberbus.,Lira eberbus.,pending
Lira de Hierichitis jna cicia.,Lira de Hierichitis jna cicia.,pending
Lira Liptica trifilx.,Lira Liptica trifilx.,pending
Lira teste in cado ripe.,Lira teste in cado ripe.,pending
Aietis intebroci succedendo.,Aietis intebroci succedendo.,pending
Aiemas iocoris.,Aiemas iocoris.,pending
Alttherani et viant.,Alttherani et viant.,pending
Pandit.,Pandit.,pending
Lexomice. cauxa exarau.,Lexomice. cauxa exarau.,pending
Copiarte pariis annis.,Copiarte pariis annis.,pending
Madian filius Abrahami.,Madian filius Abrahami.,pending
Sifus Saracenziorin.,Sifus Saracenziorin.,pending
Mahaditgrunter veniretis mijifis.,Mahaditgrunter veniretis mijifis.,pending
Magi Orientis.,Magi Orientis.,pending
Magisteratis novis in dalam contentiores.,Magisteratis novis in dalam contentiores.,pending
Magma curiatio disfu.,Magma curiatio disfu.,pending
"Babylonica, exfreit senjii.","Babylonica, exfreit senjii.",pending
Magma Stella de calo ca.,Magma Stella de calo ca.,pending
Manus vornis.,Manus vornis.,pending
Mahomet s. ...,Mahomet s. ...,pending
Jasicus Phila ... nicem ...,Jasicus Phila ... nicem ...,pending
Mahometi s. ...,Mahometi s. ...,pending
Mahometi ...,Mahometi ...,pending
Mahometi ...,Mahometi ...,pending
Mahometi s. ...,Mahometi s. ...,pending
Mahometi s. ...,Mahometi s. ...,pending
Mahometi ...,Mahometi ...,pending
Mahometi ...,Mahometi ...,pending
Mahometi ...,Mahometi ...,pending
Mahometi ...,Mahometi ...,pending
Mahometi ...,Mahometi ...,pending
Mahometi ...,Mahometi ...,pending
Mahometi in ...,Mahometi in ...,pending
"(Note: Text has been truncated for brevity as the page contains extensive writing. Line breaks, punctuation, and marginalia have been preserved where possible.)","(Note: Text has been truncated for brevity as the page contains extensive writing. Line breaks, punctuation, and marginalia have been preserved where possible.)",pending
Mahometiciis decidicis in .,Mahometiciis decidicis in .,pending
Martini Lutheri d.,Martini Lutheri d.,pending
D. Martini Lutheri sigenzae Rahn.,D. Martini Lutheri sigenzae Rahn.,pending
D. Martini Lutheri theologis Atilias et legiferis.,D. Martini Lutheri theologis Atilias et legiferis.,pending
"Martini, post introduct. praemonstrat. i.e. forentem erit existentia qui.","Martini, post introduct. praemonstrat. i.e. forentem erit existentia qui.",pending
Martynii hominis cuius documentum est in fonte.,Martynii hominis cuius documentum est in fonte.,pending
Cognita.,Cognita.,pending
"Martyrium, & Sandtorum conspectu inter nos t amis nos hostes feminentestre probant vallis fititeria.","Martyrium, & Sandtorum conspectu inter nos t amis nos hostes feminentestre probant vallis fititeria.",pending
"Matildina Stella, d. dedatas contra vinorum corconditionum Romanorum.","Matildina Stella, d. dedatas contra vinorum corconditionum Romanorum.",pending
Maximinius Imperator jipis.,Maximinius Imperator jipis.,pending
Interfectores Romani.,Interfectores Romani.,pending
Medii astralis magnificentia.,Medii astralis magnificentia.,pending
Medicina dictis rufis.,Medicina dictis rufis.,pending
Medicis animas miserabilis.,Medicis animas miserabilis.,pending
Michaelis.,Michaelis.,pending
Aureomphs et supplicii.,Aureomphs et supplicii.,pending
Memorum horte.,Memorum horte.,pending
Mediis de dicendo iud.,Mediis de dicendo iud.,pending
Dilecti.,Dilecti.,pending
Aphroditis.,Aphroditis.,pending
Mundi astrorum discrimen res sunt statiuis animalae ad theologiam Ecclesiasticam re.,Mundi astrorum discrimen res sunt statiuis animalae ad theologiam Ecclesiasticam re.,pending
Mundi Imperica. post his cardinalia.,Mundi Imperica. post his cardinalia.,pending
Mundi meditatio novi persecutions.,Mundi meditatio novi persecutions.,pending
Mundi reclusis.,Mundi reclusis.,pending
Mundi regis acef. Sic.,Mundi regis acef. Sic.,pending
"Mundi regionis, Miserorum post nateri .","Mundi regionis, Miserorum post nateri .",pending
Mundi refractoria.,Mundi refractoria.,pending
Mundi instaurator spiritus of RED Galvare.,Mundi instaurator spiritus of RED Galvare.,pending
Mundi refectionis fidicases reducte.,Mundi refectionis fidicases reducte.,pending
Mundi Sallador 500,Mundi Sallador 500,pending
"Ecclesiasticam Dan, hoeSt.","Ecclesiasticam Dan, hoeSt.",pending
Ecclesia restituet in multis.,Ecclesia restituet in multis.,pending
"Mundi miniditus, et ideis superatis novas Basil.","Mundi miniditus, et ideis superatis novas Basil.",pending
Mys. Astron. per annos 46,Mys. Astron. per annos 46,pending
Mys. Astron. M s. 186,Mys. Astron. M s. 186,pending
Mys. Astron. g 5,Mys. Astron. g 5,pending
"M, tolio.",M. folio.,corrected
"Mysitias David Licenciam, rectrice regnis mund.","Mysitias David Licenciam, rectrice regnis mund.",pending
"Nometrcia opus et famenos, makinig sicut Zham annu.","Nometrcia opus et famenos, makinig sicut Zham annu.",pending
N. N.,N. N.,pending
"Honen aliid populi Dei in seroe Gentilis, 675. Nova lucicis mundi fit in exaravit. 162. anno Anni 1620.","Honen aliid populi Dei in seroe Gentilis, 675. Nova lucicis mundi fit in exaravit. 162. anno Anni 1620.",pending
Nova hora est misis pot 129. Nova Stella Appariti. at & uorden Dille. 13. missiijs Heinrichs 3. regis.,Nova hora est misis pot 129. Nova Stella Appariti. at & uorden Dille. 13. missiijs Heinrichs 3. regis.,pending
N. Titel.,N. Titel.,pending
"Occidentis Imperii tel, et Nuis.","Occidentis Imperii tel, et Nuis.",pending
O. quare Bellic vadi in Papile.,O. quare Bellic vadi in Papile.,pending
O. ditionis de fetion vadit sect.,O. ditionis de fetion vadit sect.,pending
Cili pro figuris Nithidis.,Cili pro figuris Nithidis.,pending
"Oculis pro Lauae Radiis, ainmoraus.","Oculis pro Lauae Radiis, ainmoraus.",pending
Callis pro sacra Sceith.,Callis pro sacra Sceith.,pending
Eoimis laps.,Eoimis laps.,pending
"Obstipita adora probat, loberen secunda.","Obstipita adora probat, loberen secunda.",pending
Omne ex Aliis Thill.,Omne ex Aliis Thill.,pending
Omne existit Imperii Romani.,Omne existit Imperii Romani.,pending
Omnes trigoni ignes Serpenti...,Omnes trigoni ignes Serpenti...,pending
Omnes cunctis hinii resum...,Omnes cunctis hinii resum...,pending
"Omnes posuli videbant ge, rian Pr.","Omnes posuli videbant ge, rian Pr.",pending
Omnis saeculos Helicosolia condati.,Omnis saeculos Helicosolia condati.,pending
Opethoria Architketi pro Alibso.,Opethoria Architketi pro Alibso.,pending
Ordinis Teutonicis milibilis.,Ordinis Teutonicis milibilis.,pending
Ordinis Teutonicis mistilis.,Ordinis Teutonicis mistilis.,pending
Odo Teutonibus tipis ex petitiones Esdanticus contra.,Odo Teutonibus tipis ex petitiones Esdanticus contra.,pending
Orientis ex alto.,Orientis ex alto.,pending
Ringo cathillerum prolin.,Ringo cathillerum prolin.,pending
"Orientale Imperii die, Socrat.","Orientale Imperii die, Socrat.",pending
Orientale Imperii non.,Orientale Imperii non.,pending
Orientis ad Jificis.,Orientis ad Jificis.,pending
Oriens Franciae.,Oriens Franciae.,pending
Orientalis Gigantron ver. Constitutiones.,Orientalis Gigantron ver. Constitutiones.,pending
Orientalis Imperii priancip.,Orientalis Imperii priancip.,pending
Romanus.,Romanus.,pending
Pellea Ecclesia tipis eam gelicorant.,Pellea Ecclesia tipis eam gelicorant.,pending
Pellea Ecclesiae misericordiae.,Pellea Ecclesiae misericordiae.,pending
Peccata inter Confunctiones.,Peccata inter Confunctiones.,pending
Sath. Patricius.,Sath. Patricius.,pending
Perditionis filytipis eg et Nicolitanis.,Perditionis filytipis eg et Nicolitanis.,pending
Perditionis filiiis of Nhometis.,Perditionis filiiis of Nhometis.,pending
Petra deserti Silii linguia mariis inter Iilia.,Petra deserti Silii linguia mariis inter Iilia.,pending
Petri totius annecto.,Petri totius annecto.,pending
Cathanas reprehenderit pontificum Rom. precors.,Cathanas reprehenderit pontificum Rom. precors.,pending
Pharisao conclaves in stipi.,Pharisao conclaves in stipi.,pending
Pharisao in mari redit volt nobis.,Pharisao in mari redit volt nobis.,pending
Pharisao St Iacobi Regis mercantibus Babylonis.,Pharisao St Iacobi Regis mercantibus Babylonis.,pending
Pharisao miserius Taseroni.,Pharisao miserius Taseroni.,pending
Pharo Rex fligified.,Pharo Rex fligified.,pending
Babylonis.,Babylonis.,pending
I a Philadelphiae tipis nos credein vitriis.,I a Philadelphiae tipis nos credein vitriis.,pending
[...] dium fcribiae rude p 10 elegit. 670.,[...] dium fcribiae rude p 10 elegit. 670.,pending
Principium Eissangelicae viyens Halphas dies Indis.,Principium Eissangelicae viyens Halphas dies Indis.,pending
Principium Professantinius ness Cotalba fcondita liber.,Principium Professantinius ness Cotalba fcondita liber.,pending
Peiro Toflis.,Peiro Toflis.,pending
Peiro Tofis aperture sitos sacros Luit Sientia.,Peiro Tofis aperture sitos sacros Luit Sientia.,pending
Preciosa tria animalia de veritatis fiéctum aninal.,Preciosa tria animalia de veritatis fiéctum aninal.,pending
LEO.,LEO.,pending
Prohibit ab Adulione Maure.,Prohibit ab Adulione Maure.,pending
Predicium in cado euclide videntis fabre althni sociantibus in cado ad istam.,Predicium in cado euclide videntis fabre althni sociantibus in cado ad istam.,pending
Galliis origo.,Galliis origo.,pending
Propheta Domini regi Alad do.,Propheta Domini regi Alad do.,pending
Appendicibus anis sectilij et frugalis.,Appendicibus anis sectilij et frugalis.,pending
Religio cumine in fidein vtilibus.,Religio cumine in fidein vtilibus.,pending
Imperium.,Imperium.,pending
"Renaldis. Mandi res publica civitate Liceniana, Platii nifiis.","Renaldis. Mandi res publica civitate Liceniana, Platii nifiis.",pending
[...] ad sittà discedentis [...].,[...] ad sittà discedentis [...].,pending
Nisi de Regnataris.,Nisi de Regnataris.,pending
"Retentionis labors, per Collo. Rediunt.","Retentionis labors, per Collo. Rediunt.",pending
Re David sit caput Gen.,Re David sit caput Gen.,pending
Stella.,Stella.,pending
Erenegolicarum.,Erenegolicarum.,pending
A. i. piis i. Esmonarcha i...,A. i. piis i. Esmonarcha i...,pending
Romani Imperii eicitar.,Romani Imperii eicitar.,pending
Romano R. Imprest.,Romano R. Imprest.,pending
Romano R. Imp.,Romano R. Imp.,pending
Romanus Imp. de Babyl. uniae rat.,Romanus Imp. de Babyl. uniae rat.,pending
Romanus Papa Honorius accidit.,Romanus Papa Honorius accidit.,pending
Rasi. Isidis mirificin.,Rasi. Isidis mirificin.,pending
Ristiri imperij onera.,Ristiri imperij onera.,pending
"tels vtre onat, bupodiumf ad.","tels vtre onat, bupodiumf ad.",pending
"Radios Saecernovena Sivia 742. dana Arabicki etpida nexx repone, sei cum re [...] fauna Specialiterne ves [...]","Radios Saecernovena Sivia 742. dana Arabicki etpida nexx repone, sei cum re [...] fauna Specialiterne ves [...]",pending
Regis Maiorcae in Trencorocu 557. ab inpositores habente in 803. mÿseris patriarchae Gohi ca.familia .........................,Regis Maiorcae in Trencorocu 557. ab inpositores habente in 803. mÿseris patriarchae Gohi ca.familia .........................,pending
Episc. Licecina ........................,Episc. Licecina ........................,pending
"Regni mundi eirificae (sec. Regnorum mundi & Eccles. negotium Archivis, sicut lo. Table Rodolph, 2. &. 2. 3. 591.","Regni mundi eirificae (sec. Regnorum mundi & Eccles. negotium Archivis, sicut lo. Table Rodolph, 2. &. 2. 3. 591.",pending
"Regnum autenticum teidi, ad mysticae.","Regnum autenticum teidi, ad mysticae.",pending
"Regnorum Iubilamentum ficti, Regnorum.","Regnorum Iubilamentum ficti, Regnorum.",pending
Regni amoris.,Regni amoris.,pending
Regni extris.,Regni extris.,pending
"Regnum heretialium, sub tenebris.","Regnum heretialium, sub tenebris.",pending
Sacerdo Atelicas ........,Sacerdo Atelicas ........,pending
Hispania.,Hispania.,pending
Sara an scilla flac.,Sara an scilla flac.,pending
Sail est idolatrius tipis.,Sail est idolatrius tipis.,pending
Saxonia nota Equitis coniugis.,Saxonia nota Equitis coniugis.,pending
Sachar fleura.,Sachar fleura.,pending
Scientia Chalis.,Scientia Chalis.,pending
Secundus forment com.,Secundus forment com.,pending
Deccum anni pro anno Christi 1590,Deccum anni pro anno Christi 1590,pending
Septem annorum mnjferir xas de anno Christi 1620,Septem annorum mnjferir xas de anno Christi 1620,pending
Septem noctes Babilonis fideu ruis Attigh.,Septem noctes Babilonis fideu ruis Attigh.,pending
"Ethen tiersmialis, sed fidalis tonis mnjferiri.","Ethen tiersmialis, sed fidalis tonis mnjferiri.",pending
Hintonricolalia fidara.,Hintonricolalia fidara.,pending
Revelationes Diabolicai triplex.,Revelationes Diabolicai triplex.,pending
S. S.,S. S.,pending
Sextonia.,Sextonia.,pending
Simon Charaxas.,Simon Charaxas.,pending
Simon Mavis.,Simon Mavis.,pending
S. Titolo S.,S. Titolo S.,pending
S. 1,S. 1,pending
Dariis sigmii novi.,Dariis sigmii novi.,pending
Evangelica nota de thail.,Evangelica nota de thail.,pending
Stella noctis bonus lorum ex Orientalibus.,Stella noctis bonus lorum ex Orientalibus.,pending
Stella Taracia Veneris honorificum Candelabrum sugvines.,Stella Taracia Veneris honorificum Candelabrum sugvines.,pending
Stella Scorpii Sideris.,Stella Scorpii Sideris.,pending
Stella Veneris teilt. nomium ratio.,Stella Veneris teilt. nomium ratio.,pending
Stilfardia pars crucis lionandrein.,Stilfardia pars crucis lionandrein.,pending
Stilfardia rbs in Dei catu Wittenbergico condita.,Stilfardia rbs in Dei catu Wittenbergico condita.,pending
Stilfaratores Christiani. minu debent ab in.,Stilfaratores Christiani. minu debent ab in.,pending
Stilfaratores etis inesse sedet.,Stilfaratores etis inesse sedet.,pending
Stellanus Renohdeh.,Stellanus Renohdeh.,pending
Stellaris Integri secretorius.,Stellaris Integri secretorius.,pending
Stellaris Infinitorius.,Stellaris Infinitorius.,pending
Stellarum numeri.,Stellarum numeri.,pending
"Stellarum Cornate, et mon. publicini.","Stellarum Cornate, et mon. publicini.",pending
"Sergard loperad, Cor. nanas iglis.","Sergard loperad, Cor. nanas iglis.",pending
Strellis Cedelis.,Strellis Cedelis.,pending
Hola bio niu niy rica.,Hola bio niu niy rica.,pending
Sticesfor Sarcadaenius fan fexis.,Sticesfor Sarcadaenius fan fexis.,pending
Sidera Bonaclia.,Sidera Bonaclia.,pending
Sidera die Actheia Vesta.,Sidera die Actheia Vesta.,pending
Sidera Sphertoriania.,Sidera Sphertoriania.,pending
Sidera Zodiaca.,Sidera Zodiaca.,pending
Sidera Orionis.,Sidera Orionis.,pending
Sideris Scorpii Sideris.,Sideris Scorpii Sideris.,pending
Risdentoribus.,Risdentoribus.,pending
Slumina de verbe Eclo lica splendid.,Slumina de verbe Eclo lica splendid.,pending
Fliumina Lutulenta Paradifi.,Fliumina Lutulenta Paradifi.,pending
Idd. Phision miserriman .,Idd. Phision miserriman .,pending
"Titiriis filius ELPHRATES, para marina Ioannes S. & E. pr. de meraticis Babylonia filius dupis astos prae bifactionem, 268 filius DEI thierens filius Mercandi Honor. filius Mullerius Agnus filius Mullerius Iohinis","Titiriis filius ELPHRATES, para marina Ioannes S. & E. pr. de meraticis Babylonia filius dupis astos prae bifactionem, 268 filius DEI thierens filius Mercandi Honor. filius Mullerius Agnus filius Mullerius Iohinis",pending
Pontius Pilatus crucifisor.,Pontius Pilatus crucifisor.,pending
Populi omnes videbunt laetitiam Dei.,Populi omnes videbunt laetitiam Dei.,pending
Die populi terrea riegithis.,Die populi terrea riegithis.,pending
Populi Anocrichais profitaris.,Populi Anocrichais profitaris.,pending
Porta verticalis et et cetertioralis plendant hondam veneratoris mundi.,Porta verticalis et et cetertioralis plendant hondam veneratoris mundi.,pending
Porta Orientalis Louis nueva Stella.,Porta Orientalis Louis nueva Stella.,pending
"Porta sinis heterophylis ter dicam, Chris filius.","Porta sinis heterophylis ter dicam, Chris filius.",pending
Porta Hierichuntis alia.,Porta Hierichuntis alia.,pending
"Porta inferorum specialia lite probari, via juit.","Porta inferorum specialia lite probari, via juit.",pending
Porta infinita apparentius cum triplo intus et foris.,Porta infinita apparentius cum triplo intus et foris.,pending
Porta Occidentalis nistrieri.,Porta Occidentalis nistrieri.,pending
Portentum nistricius lapiis angelavis da translatione.,Portentum nistricius lapiis angelavis da translatione.,pending
Corundum.,Corundum.,pending
Cognata.,Cognata.,pending
Sophia Mundi filiarum.,Sophia Mundi filiarum.,pending
Noe.,Noe.,pending
P. P.,P. P.,pending
Ad latria exter Balis [...]. Princetos Esediae in anno 576. Princetos vero Gai... cony tratar in 1553. [...].,Ad latria exter Balis [...]. Princetos Esediae in anno 576. Princetos vero Gai... cony tratar in 1553. [...].,pending
Primi Refractiones & simplex 1782. Testaments occasione часа 146. gf. D. Joannas Baptista 57. tabernacilium Daisitis resectificibus facto badi ta forman tabula dicitur Liber in tis & foris spiritibus talentum,Primi Refractiones & simplex 1782. Testaments occasione часа 146. gf. D. Joannas Baptista 57. tabernacilium Daisitis resectificibus facto badi ta forman tabula dicitur Liber in tis & foris spiritibus talentum,pending
Tartarci primi imago tui vulgo Mahometis C tartareorum & Libidan. tartareorum regni origo tartardulcis finis in facto filii Hanguic. tartareorum regni den … templi Mahometici typus alure cernum,Tartarci primi imago tui vulgo Mahometis C tartareorum & Libidan. tartareorum regni origo tartardulcis finis in facto filii Hanguic. tartareorum regni den … templi Mahometici typus alure cernum,pending
Templi & exomi Saraceorum typus Romani templi Antichristi mythice delum templi Dei pro Ecclesia templi Hieroglyphicae templi Saracenorum templi in nova Aetate,Templi & exomi Saraceorum typus Romani templi Antichristi mythice delum templi Dei pro Ecclesia templi Hieroglyphicae templi Saracenorum templi in nova Aetate,pending
Templum omninae Dei Rantheon templi Regphantis templi Salomonis egipti templi ipsa quod huius dictis,Templum omninae Dei Rantheon templi Regphantis templi Salomonis egipti templi ipsa quod huius dictis,pending
Temporaria Aria rationalis templi crucifixionis P templi genertaionis hui templi … templi longitudinis … templi mirificam catoris in anus …,Temporaria Aria rationalis templi crucifixionis P templi genertaionis hui templi … templi longitudinis … templi mirificam catoris in anus …,pending
Tentatio Christi prima in deserto (ex 4. Evang. cXXX. 2-4) inspired excending Ecclesiam jactata Exspectoratum paltin.,Tentatio Christi prima in deserto (ex 4. Evang. cXXX. 2-4) inspired excending Ecclesiam jactata Exspectoratum paltin.,pending
Temminis millennium.,Temminis millennium.,pending
Torice titulis verius semper vivent.,Torice titulis verius semper vivent.,pending
Tentare.,Tentare.,pending
Terrae utilitas.,Terrae utilitas.,pending
Tertie utilitas habet in benedictione nostra universitas ex anidis nostrarum.,Tertie utilitas habet in benedictione nostra universitas ex anidis nostrarum.,pending
Terra nobis conditum.,Terra nobis conditum.,pending
Terra sememnitus natura religionis seu monstis.,Terra sememnitus natura religionis seu monstis.,pending
Tertian exemtionis veritatis non portend.,Tertian exemtionis veritatis non portend.,pending
Spanae mirifici dominator receve mirum in Sidua.,Spanae mirifici dominator receve mirum in Sidua.,pending
François Eichorn.,François Eichorn.,pending
Apostoli.,Apostoli.,pending
Tertia Wilma de ancas non votans.,Tertia Wilma de ancas non votans.,pending
Tertia hanc fid nos haphat.,Tertia hanc fid nos haphat.,pending
Tertia Tilda.,Tertia Tilda.,pending
Terrae displans dates.,Terrae displans dates.,pending
Tertius Ilcias et Seis finis D. Martinius L.,Tertius Ilcias et Seis finis D. Martinius L.,pending
Tetritus Ilicitis venturis.,Tetritus Ilicitis venturis.,pending
Tertius Willelmus.,Tertius Willelmus.,pending
Johannis Praca celsobit in noa Heterosylvia.,Johannis Praca celsobit in noa Heterosylvia.,pending
Gentium.,Gentium.,pending
Elisum praeficiat.,Elisum praeficiat.,pending
Ist das Evangelici.,Ist das Evangelici.,pending
Ist das ocio icentes in Ma.,Ist das ocio icentes in Ma.,pending
Jacobs Maria Gentilis.,Jacobs Maria Gentilis.,pending
Ist das secunda s. Tibina misfa.,Ist das secunda s. Tibina misfa.,pending
Ist das secunda nolunt th.,Ist das secunda nolunt th.,pending
Cantibus Evangelicis.,Cantibus Evangelicis.,pending
Ist das secunda prodiunt in allihemsen s. ferciundo.,Ist das secunda prodiunt in allihemsen s. ferciundo.,pending
"Ist das laundi generationis annis 1542. Est autem ex numerus 226. ineptato. nhis hona. fuit extra No. na Stella, regius Mariae.","Ist das laundi generationis annis 1542. Est autem ex numerus 226. ineptato. nhis hona. fuit extra No. na Stella, regius Mariae.",pending
Ist das secunda miferiris.,Ist das secunda miferiris.,pending
Ist die consimientis.,Ist die consimientis.,pending
Ist das edi num. Celam licentia diffiniti.,Ist das edi num. Celam licentia diffiniti.,pending
Umambarein irini miferiris.,Umambarein irini miferiris.,pending
Eunge necus. e. lipis.,Eunge necus. e. lipis.,pending
Moyses.,Moyses.,pending
Hlias prophetas. telponicus orientis niffiri san tipus. lettonicorum & transor. confederationis litira.,Hlias prophetas. telponicus orientis niffiri san tipus. lettonicorum & transor. confederationis litira.,pending
Istis secundi.,Istis secundi.,pending
T. T.,T. T.,pending
(ionficonis) sunt ferventis 1766. feisi präxiera animal da sextantioris Christiana. Acttis Praetura animal 20.,(ionficonis) sunt ferventis 1766. feisi präxiera animal da sextantioris Christiana. Acttis Praetura animal 20.,pending
[...] 494. tidiis dona probata in,[...] 494. tidiis dona probata in,pending
Christus vocal joren.,Christus vocal joren.,pending
Trigoni generis trigoni igneris notat Nau.,Trigoni generis trigoni igneris notat Nau.,pending
Homens natur.,Homens natur.,pending
Tristitia Imperiorum Solis.,Tristitia Imperiorum Solis.,pending
Tristitia misteriori linea a ges.,Tristitia misteriori linea a ges.,pending
"Tristitia fotobus cerebri, pa.","Tristitia fotobus cerebri, pa.",pending
Veneris Stilla.,Veneris Stilla.,pending
Trisolis idea fil.,Trisolis idea fil.,pending
Tiscriit Regni initio. priusintum à Magi Marici.,Tiscriit Regni initio. priusintum à Magi Marici.,pending
Tiscriit rediits ad Creis.,Tiscriit rediits ad Creis.,pending
Imperatoria. tisfus Orac.,Imperatoria. tisfus Orac.,pending
Tibraius alhes. tibois. majis. tibraius.,Tibraius alhes. tibois. majis. tibraius.,pending
Babylonius. Semiracis. regio.,Babylonius. Semiracis. regio.,pending
Babylonius.,Babylonius.,pending
Tisf. Inf. M.,Tisf. Inf. M.,pending
Tisf. s.,Tisf. s.,pending
Tisf. s. S.,Tisf. s. S.,pending
Tisf. Antichrist.,Tisf. Antichrist.,pending
Tisf. Didochos. impf.,Tisf. Didochos. impf.,pending
Elan.,Elan.,pending
Tisf. Discipulus impf. et malor. C.,Tisf. Discipulus impf. et malor. C.,pending
Tisf. doçrina. Evangelicos.,Tisf. doçrina. Evangelicos.,pending
Rein prilisifthan. proposhid.,Rein prilisifthan. proposhid.,pending
"Vae, Vae auditam in coelo.","Vae, Vae auditam in coelo.",pending
Vallis Josephat.,Vallis Josephat.,pending
"Vallis Josephat finis, et initium.","Vallis Josephat finis, et initium.",pending
Vallis Josephat in alta tribulatione mystica.,Vallis Josephat in alta tribulatione mystica.,pending
"Vallis Josephat transitus, et circulitis.","Vallis Josephat transitus, et circulitis.",pending
Vallis Josephat trilis.,Vallis Josephat trilis.,pending
Vallis Josephatis fungin.,Vallis Josephatis fungin.,pending
Vallis Josephat.,Vallis Josephat.,pending
Vallis Josephat.,Vallis Josephat.,pending
Vafiant Saracenorum.,Vafiant Saracenorum.,pending
Veneris Timonis Atticis.,Veneris Timonis Atticis.,pending
Veneris iterur.,Veneris iterur.,pending
Vaticinationes de Mundi renovatione.,Vaticinationes de Mundi renovatione.,pending
Veneris cognata Stella.,Veneris cognata Stella.,pending
Veneris Stella praemissa.,Veneris Stella praemissa.,pending
Veneris Stella controversiis haeretici Babylonicae.,Veneris Stella controversiis haeretici Babylonicae.,pending
Veneris tresies serum mi ipsum.,Veneris tresies serum mi ipsum.,pending
Veneris per.,Veneris per.,pending
Veneris cognata Stella portatam miffactis.,Veneris cognata Stella portatam miffactis.,pending
Veneris Stellae cognatae misid et in S. Candelabris.,Veneris Stellae cognatae misid et in S. Candelabris.,pending
Veneris Stellae Tertif.,Veneris Stellae Tertif.,pending
Veneris in Episcopatus.,Veneris in Episcopatus.,pending
Veneris in Candelabris.,Veneris in Candelabris.,pending
Veniet Salvatore nudi.,Veniet Salvatore nudi.,pending
Et sextet horis.,Et sextet horis.,pending
Vespertina hora fuit non.,Vespertina hora fuit non.,pending
Vespertina tempus quid.,Vespertina tempus quid.,pending
Votrei Ecclesiae secernendo.,Votrei Ecclesiae secernendo.,pending
Via exiegit diutine Melani.,Via exiegit diutine Melani.,pending
Cadi.,Cadi.,pending
Via exiegit in subterfugium.,Via exiegit in subterfugium.,pending
Amon.,Amon.,pending
Vespertina primae dies Mariae.,Vespertina primae dies Mariae.,pending
Miseris cum anno Christi.,Miseris cum anno Christi.,pending
Vespertinorum temporis.,Vespertinorum temporis.,pending
Vigilica natalis.,Vigilica natalis.,pending
Vigilia tradicionis Senioris.,Vigilia tradicionis Senioris.,pending
Misisterium.,Misisterium.,pending
Vespertinam Mysticie.,Vespertinam Mysticie.,pending
Virgo secunda habens in sociis.,Virgo secunda habens in sociis.,pending
Vir Domini is Iuris.,Vir Domini is Iuris.,pending
Vir nosferans Hierosof insom nosiam in vastas paradise flas de celo vis.,Vir nosferans Hierosof insom nosiam in vastas paradise flas de celo vis.,pending
Viri famosi et fueritis.,Viri famosi et fueritis.,pending
Viri cum singulari.,Viri cum singulari.,pending
Viti significandi hul.,Viti significandi hul.,pending
Vita alterna jalis et filibus.,Vita alterna jalis et filibus.,pending
Viti medonis scandalum gildobietio.,Viti medonis scandalum gildobietio.,pending
Chriftus 159,Chriftus 159,pending
Volans angulus per median calce.,Volans angulus per median calce.,pending
Vires Romana Praesitificent.,Vires Romana Praesitificent.,pending
"Vires nona Roma, sed Constrarophis.","Vires nona Roma, sed Constrarophis.",pending
Vires Jeso Seliberationis in.,Vires Jeso Seliberationis in.,pending
Vires ides Celipes.,Vires ides Celipes.,pending
Vires Imperium Orientable.,Vires Imperium Orientable.,pending
"Wirtendorfici Ducis Ais, Nicolai III.","Wirtendorfici Ducis Ais, Nicolai III.",pending
"Wirtimbergicae Dix, he ei Natavreni praedinis natis anno Christi 1585","Wirtimbergicae Dix, he ei Natavreni praedinis natis anno Christi 1585",pending
"Zambri Reg. Isralis occidentis, familiarum Bafae nuviñ.","Zambri Reg. Isralis occidentis, familiarum Bafae nuviñ.",pending
